{
  "0": {
    "precision": 1.0,
    "recall": 0.9997868258367086,
    "f1-score": 0.9998934015563373,
    "support": 4691.0
  },
  "1": {
    "precision": 0.9929078014184397,
    "recall": 1.0,
    "f1-score": 0.99644128113879,
    "support": 140.0
  },
  "accuracy": 0.9997930035189402,
  "macro avg": {
    "precision": 0.9964539007092199,
    "recall": 0.9998934129183543,
    "f1-score": 0.9981673413475637,
    "support": 4831.0
  },
  "weighted avg": {
    "precision": 0.9997944715790895,
    "recall": 0.9997930035189402,
    "f1-score": 0.9997933608073295,
    "support": 4831.0
  },
  "probability_summary": {
    "min": 4.124855700392063e-07,
    "max": 0.9999725881335534,
    "mean": 0.029657817014081673
  }
}